Demo,Cohort,GROUP,atta,cab1,cab2,cab3,SCIALL,age,sex,NATIONALITY,LANG,YEARS EXPERIENCE,CAT,VOCATIONAL,YEARS VOCATIONAL,CLASSICAL,CONTEMPORARY,SOMATIC,IMPRO,TASKING,INVENTION,ATTATOT,ATTAIND,ATTAC,ATTAL,Cab1No,Cab1Fs,Cab1Fi,Cab1o,Cab1Tot,Cab2No,Cab2Fs,Cab2Fi,Cab2o,Cab2Tot,Cab3No,Cab3Fs,Cab3Fi,Cab3o,Cab3Tot,SCIVall,SCISall,SCIMall,SCIVten,SCISten,SCIMten
3,1,COV,1,1,0,0,1,20.33424658,F,BRITISH,EFL,15,,,0,5,4,1,6,3,6,60,8,68,4,5,4,7,5,25,,,,,,,,,,,3,,8,0,0,0
184,1,TL1,1,1,0,1,1,23.42191781,F,AMERICAN,EFL,7,N,Y,3,8,4,6,8,6,7,65,4,69,4,1,4,12,3,26,,,,,,3,2,6,4,18,6,11,12,0,0,0
62,2,TL4,1,1,1,0,0,19.36712329,M,AMERICAN,EFL,12,N,N,0,9,11,7,11,1,7,63,4,67,3,2,6,10,6,34,3,6,9,4,29,,,,,,,,,,,
185,2,TL4,1,1,1,1,1,19.24383562,F,AMERICAN,EFL,7,N,Y,1,7,5,2,9,7,4,65,15,80,6,2,7,6,4,28,3,6,7,8,35,4,8,18,7,48,8,9,7,0,0,0
29,1,TL2,1,1,0,0,0,19.54520548,F,AMERICAN,EFL,6,N,N,0,3,5,4,6,4,6,57,14,71,4,2,7,7,4,29,,,,,,,,,,,,,,,,
212,1,TL3,1,1,1,1,1,19.35890411,F,AMERICAN,EFL,15,N,Y,10,9,6,1,11,5,5,68,14,82,6,3,7,6,5,30,4,6,13,5,35,5,9,10,9,46,,11,,0,0,0
10,2,COV,1,1,1,0,0,18.84931507,F,ASIAN,ESL,4,N,N,0,7,8,3,5,4,6,55,8,63,3,3,2,10,4,22,4,5,9,3,25,,,,,,,,,,,
11,2,TL3,1,1,1,1,1,19.22465753,F,BELGIAN,ESL,4,N,N,0,7,4,4,7,7,4,61,8,69,4,1,3,11,3,23,2,3,6,2,16,3,2,2,2,10,5,13,8,0,0,0
230,2,TL2,1,1,1,1,1,20.73424658,F,BELGIAN,ESL,15,y,Y,2,8,9,9,6,6,7,59,6,65,3,5,4,6,2,18,1,8,3,6,31,2,4,5,5,23,7,12,12,0,0,0
135,1,TL2,1,1,1,1,1,19.58630137,F,BELGIAN,ESL,12,y,N,0,7,5,3,7,7,2,68,13,81,6,2,6,12,2,28,3,6,12,4,32,4,5,11,9,39,5,7,7,0,0,0
44,1,TL1,1,1,1,1,1,19.97260274,F,BERMUDIAN,EFL,9,N,N,0,10,7,3,3,3,1,70,9,79,6,1,6,9,5,31,2,7,8,9,40,3,4,8,5,26,6,13,12,0,0,0
177,2,TL3,1,1,0,0,1,20.37534247,F,BRITISH,EFL,6,N,Y,1,6,8,1,6,6,10,55,5,60,3,1,0,10,3,16,,,,,,,,,,,,7,4,0,0,0
145,1,COV,1,1,0,0,0,19.48493151,F,BRITISH,EFL,2,N,N,0,1,5,3,9,4,3,67,12,79,6,5,0,3,4,11,,,,,,,,,,,,,,,,
4,2,COV,1,1,0,0,0,18.98356164,F,BRITISH,EFL,0,0,N,0,1,2,0,5,0,0,68,8,76,5,3,1,6,2,12,,,,,,,,,,,,,,,,
175,1,TL3,1,1,1,1,0,19.83287671,M,BRITISH,EFL,5,N,Y,0,5,5,2,6,4,3,56,11,67,3,3,1,8,3,16,4,4,5,4,21,5,4,4,4,20,,,,,,
144,2,COV,1,1,1,0,1,20.32328767,F,BRITISH,EFL,0,y,N,0,0,0,0,0,0,0,52,3,55,2,3,2,4,0,8,4,5,2,1,14,,,,,,4,11,12,0,0,0
75,2,COV,1,1,0,1,0,19.13972603,F,BRITISH,EFL,15,N,N,0,0,4,2,3,0,0,57,7,64,3,3,2,2,1,8,,,,,,5,2,5,3,15,,,,,,
40,1,TL1,1,1,0,0,0,19.86027397,F,BRITISH,EFL,8,N,N,0,8,3,1,5,7,8,64,4,68,4,1,2,3,1,9,,,,,,,,,,,,,,,,
98,2,TL1,1,1,1,0,1,18.37534247,M,BRITISH,EFL,4,y,N,0,7,9,1,10,8,1,60,16,76,5,4,2,7,1,13,5,4,6,7,28,,,,,,5,10,14,0,0,0
153,1,COV,1,1,0,0,0,20.10136986,F,BRITISH,EFL,9,N,N,0,5,9,2,7,9,8,66,14,80,6,5,2,6,3,16,,,,,,,,,,,,,,,,
9,1,TL4,1,1,1,0,1,20.63561644,M,BRITISH,EFL,3,N,N,0,3,5,7,7,7,6,69,10,79,6,4,2,4,6,20,5,8,8,8,40,,,,,,,8,12,0,0,0
24,2,COV,1,1,0,0,1,24.43287671,F,BRITISH,EFL,6,N,N,0,2,4,1,4,3,3,64,10,74,5,3,2,7,6,23,,,,,,,,,,,8,10,14,0,0,0
147,1,COV,1,1,1,0,1,19.61643836,F,BRITISH,EFL,4,N,N,0,2,5,4,9,9,7,52,6,58,2,5,3,6,1,14,1,3,8,3,20,,,,,,8,9,9,0,0,0
63,2,COV,1,1,0,0,1,18.48767123,F,BRITISH,EFL,13,N,N,0,9,6,3,7,5,3,62,5,67,3,3,3,7,1,15,,,,,,,,,,,9,10,7,0,0,0
47,2,COV,1,1,0,0,0,20.84109589,F,BRITISH,EFL,10,N,N,0,2,4,4,1,6,2,58,6,64,3,3,3,7,1,15,,,,,,,,,,,,,,,,
92,1,TL3,1,1,1,1,0,20.56712329,M,BRITISH,EFL,3,y,N,0,6,8,1,6,8,1,61,5,66,3,3,3,10,2,20,4,3,7,3,19,5,5,10,1,22,,,,,,
38,1,TL2,1,1,1,1,0,20.25753425,F,BRITISH,EFL,8,N,N,0,10,6,1,3,4,1,56,16,72,4,2,3,8,3,20,3,4,10,7,32,4,4,10,6,30,,,,,,
69,1,TL3,1,1,1,1,0,20.25479452,F,BRITISH,EFL,14,N,N,0,7,2,1,6,7,2,70,14,84,6,3,3,8,3,20,4,4,10,5,28,5,4,11,7,33,,,,,,
15,2,TL2,1,1,1,0,1,19.2109589,M,BRITISH,EFL,4,N,N,0,7,7,7,6,10,7,60,6,66,3,5,3,4,4,18,1,3,6,6,24,,,,,,7,10,14,0,0,0
57,2,COV,1,1,0,0,0,18.93972603,F,BRITISH,EFL,11,N,N,0,7,7,5,5,5,5,56,6,62,3,3,3,6,4,20,,,,,,,,,,,,,,,,
139,1,TL1,1,1,1,1,1,20.90958904,F,BRITISH,EFL,14,y,N,0,6,5,3,4,3,4,60,7,67,3,1,3,10,4,24,2,8,12,6,40,3,2,13,5,27,7,8,12,0,0,0
119,1,TL1,1,1,1,1,1,19.35342466,F,BRITISH,EFL,6,y,N,0,8,9,6,8,9,7,60,6,66,3,1,3,13,4,27,2,7,9,6,35,3,5,8,3,24,6,7,,0,0,0
156,1,COV,1,1,1,0,1,20.34520548,F,BRITISH,EFL,16,N,N,0,9,7,3,6,3,5,54,4,58,2,5,3,5,5,21,1,4,6,5,24,,,,,,8,13,15,0,0,0
163,2,TL2,1,1,1,0,0,19.98356164,M,BRITISH,EFL,3,N,Y,3,5,5,1,4,1,1,58,7,65,3,5,3,5,5,21,1,5,9,6,31,,,,,,,,,,,
26,2,TL3,1,1,1,1,1,20.61369863,F,BRITISH,EFL,6,N,N,0,2,6,1,9,9,7,66,9,75,5,1,3,7,5,23,2,3,3,6,21,3,4,6,6,26,6,9,12,0,0,0
166,1,TL4,1,1,1,1,0,20.56986301,M,BRITISH,EFL,3,N,Y,1,3,8,7,8,8,8,71,15,86,7,4,3,10,5,26,5,5,11,9,39,1,6,6,10,38,,,,,,
134,1,TL3,1,1,1,1,0,19.85479452,M,BRITISH,EFL,11,y,N,0,8,7,1,10,10,1,66,8,74,5,3,3,12,5,28,4,6,15,5,37,5,7,11,7,39,,,,,,
31,2,COV,1,1,1,0,1,20.1369863,F,BRITISH,EFL,7,N,N,0,3,5,1,6,7,1,62,8,70,4,3,3,6,6,24,4,8,7,10,43,,,,,,6,10,9,0,0,0
216,2,COV,1,1,0,0,0,21.92328767,F,BRITISH,EFL,18,N,Y,1,7,9,6,8,7,7,64,10,74,5,3,3,10,6,28,,,,,,,,,,,,,,,,
215,1,TL1,1,1,0,1,0,21.09589041,M,BRITISH,EFL,16,N,Y,2,3,5,3,7,7,5,56,12,68,4,1,3,11,6,29,,,,,,3,4,5,6,25,,,,,,
123,1,TL4,1,1,1,1,0,19.44383562,M,BRITISH,EFL,7,y,N,0,3,7,1,7,7,7,64,16,80,6,4,3,14,6,32,5,4,10,8,34,1,0,0,6,12,,,,,,
32,2,COV,1,1,0,0,0,19.54520548,F,BRITISH,EFL,7,N,N,0,2,8,7,5,5,7,65,10,75,5,3,3,7,8,29,,,,,,,,,,,,,,,,
227,2,COV,1,1,1,0,0,20.55890411,F,BRITISH,EFL,10,y,Y,1,9,9,7,8,8,6,60,9,69,4,3,3,8,8,30,4,5,12,8,38,,,,,,,,,,,
125,2,TL2,1,1,1,0,1,18.57808219,F,BRITISH,EFL,9,y,N,0,8,6,5,6,6,6,70,9,79,6,5,3,10,8,32,1,7,14,13,54,,,,,,4,7,6,0,0,0
107,1,TL3,1,1,1,1,1,21.2109589,F,BRITISH,EFL,5,y,N,0,6,8,2,6,7,5,60,9,69,4,3,3,11,8,33,4,6,11,6,35,5,6,11,8,39,8,10,13,0,0,0
205,2,TL2,1,1,1,1,1,18.89589041,F,BRITISH,EFL,13,N,Y,2,9,8,1,4,3,1,55,9,64,3,5,4,6,1,16,1,3,4,4,18,2,8,6,4,30,8,13,10,0,0,0
18,1,TL2,1,1,1,1,1,21.0109589,F,BRITISH,EFL,5,N,N,0,8,7,2,3,4,1,69,11,80,6,2,4,8,1,18,3,5,14,6,36,4,5,11,6,33,7,12,12,0,0,0
143,2,TL2,1,1,1,1,0,18.8,F,BRITISH,EFL,16,y,N,0,9,9,8,7,2,7,68,11,79,6,5,4,6,2,18,1,3,7,6,25,2,6,4,5,26,,,,,,
5,2,TL2,1,1,1,0,1,19.78082192,F,BRITISH,EFL,2,N,N,0,5,3,1,2,2,3,69,11,80,6,5,4,6,2,18,5,6,12,4,32,,,,,,11,11,14,0,0,0
137,1,TL3,1,1,1,0,1,19.70136986,F,BRITISH,EFL,12,y,N,0,8,5,2,5,1,1,59,5,64,3,3,4,11,2,23,4,4,10,6,30,,,,,,8,11,,0,0,0
55,1,TL3,1,1,1,1,1,19.49315068,F,BRITISH,EFL,11,N,N,0,9,9,5,6,6,3,62,10,72,4,3,4,5,3,19,4,3,10,6,28,5,4,9,3,23,8,10,12,0,0,0
33,2,COV,1,1,1,0,1,18.93424658,F,BRITISH,EFL,7,N,N,0,8,8,5,7,2,2,65,14,79,6,3,4,5,3,19,4,5,6,8,32,,,,,,7,12,12,0,0,0
56,1,TL2,1,1,1,0,0,19.56438356,F,BRITISH,EFL,11,N,N,0,10,6,1,9,6,1,66,11,77,5,2,4,6,3,20,3,5,10,7,34,,,,,,,,,,,
180,2,COV,1,1,0,0,0,27.56712329,M,BRITISH,EFL,6,N,Y,2,0,0,0,0,0,0,46,3,49,1,3,4,9,3,23,,,,,,,,,,,,,,,,
25,2,TL2,1,1,1,0,1,18.7369863,F,BRITISH,EFL,6,N,N,0,1,8,10,11,10,9,69,15,84,6,5,4,9,3,23,1,7,11,8,41,,,,,,5,5,4,0,0,0
181,1,TL1,1,1,1,1,0,21.17808219,F,BRITISH,EFL,7,N,Y,1,5,4,3,4,4,3,64,6,70,4,1,4,12,3,26,2,5,6,9,34,3,3,6,2,16,,,,,,
168,1,TL1,1,1,1,1,1,20.42465753,M,BRITISH,EFL,4,N,Y,1,5,4,1,5,6,4,68,12,80,6,1,4,15,3,29,2,7,9,7,37,3,4,9,6,29,7,10,13,0,0,0
116,2,TL4,1,1,1,0,1,18.7369863,F,BRITISH,EFL,6,y,N,0,8,8,5,7,7,2,59,6,65,3,2,4,17,3,31,3,6,10,2,26,,,,,,5,10,15,0,0,0
169,2,TL1,1,1,1,0,0,21.08219178,M,BRITISH,EFL,4,N,Y,1,4,5,3,6,1,1,56,11,67,3,4,4,4,4,20,5,7,6,6,32,,,,,,,,,,,
77,1,TL2,1,1,1,1,0,19.37808219,F,BRITISH,EFL,15,N,N,0,9,4,4,6,3,1,49,4,53,2,2,4,5,4,21,3,4,8,9,34,4,7,11,10,45,,,,,,
194,2,COV,1,1,0,0,1,19.26027397,F,BRITISH,EFL,10,N,Y,2,4,6,3,6,4,5,67,12,79,6,3,4,6,4,22,,,,,,,,,,,8,8,8,0,0,0
209,2,TL1,1,1,0,0,0,18.39726027,F,BRITISH,EFL,15,N,Y,1,10,6,4,4,5,5,61,10,71,4,4,4,8,4,24,,,,,,,,,,,,,,,,
99,2,TL1,1,1,0,0,1,18.68767123,M,BRITISH,EFL,4,y,N,0,4,8,1,4,9,7,65,13,78,6,4,4,8,4,24,,,,,,,,,,,9,10,12,0,0,0
71,1,TL2,1,1,0,0,0,21.26575342,F,BRITISH,EFL,14,N,N,0,10,9,2,8,7,2,64,9,73,4,2,4,10,4,26,,,,,,,,,,,,,,,,
46,2,TL2,1,1,1,0,1,19.59178082,F,BRITISH,EFL,10,N,N,0,8,7,2,5,1,1,68,9,77,5,5,4,4,5,22,1,5,9,9,37,,,,,,8,11,13,0,0,0
110,2,TL2,1,1,1,1,1,18.66575342,M,BRITISH,EFL,5,y,N,0,5,8,3,8,7,5,67,12,79,6,5,4,6,5,24,1,0,4,5,14,2,5,11,1,23,,9,10,0,0,0
206,2,TL1,1,1,1,1,1,19.70410959,F,BRITISH,EFL,14,N,Y,2,10,5,1,4,4,2,59,11,70,4,4,4,7,5,25,5,5,14,9,42,1,8,9,4,33,6,11,10,0,0,0
202,2,TL4,1,1,1,1,1,18.35890411,M,BRITISH,EFL,10,N,Y,2,8,9,1,8,8,6,53,4,57,2,2,4,7,5,25,3,4,7,6,27,4,4,9,4,25,5,6,10,0,0,0
218,2,TL3,1,1,1,0,0,18.95616438,F,BRITISH,EFL,4,y,Y,2,7,9,5,9,9,5,59,5,64,3,1,4,7,5,25,2,4,5,2,17,,,,,,,,,,,
76,2,TL3,1,1,1,0,1,19.04931507,F,BRITISH,EFL,15,N,N,0,9,4,1,5,5,6,61,4,65,3,1,4,8,5,26,2,4,7,5,25,,,,,,8,9,11,0,0,0
87,1,TL1,1,1,0,0,1,22.22465753,F,BRITISH,EFL,18,N,N,0,11,7,1,2,5,1,70,13,83,6,1,4,8,5,26,,,,,,,,,,,5,8,8,0,0,0
195,2,TL1,1,1,1,1,1,18.49589041,F,BRITISH,EFL,10,N,Y,2,9,6,1,7,8,2,55,9,64,3,4,4,5,6,25,5,6,12,6,36,1,5,7,6,29,5,13,11,0,0,0
51,2,TL2,1,1,1,1,1,18.17808219,F,BRITISH,EFL,10,N,N,0,8,2,1,3,3,1,62,11,73,4,5,4,5,6,25,1,6,9,8,37,2,6,11,3,29,,11,14,0,0,0
233,1,COV,1,1,1,1,1,20.44109589,F,BRITISH,EFL,10,N,Y,9,4,6,3,4,3,5,69,12,81,6,5,4,7,6,27,1,6,8,9,38,2,6,11,7,37,,7,,0,0,0
118,2,TL3,1,1,1,1,1,18.79452055,F,BRITISH,EFL,6,y,N,0,7,8,7,8,8,4,65,4,69,4,1,4,8,6,28,2,7,5,4,27,3,6,7,7,33,10,11,8,0,0,0
136,2,TL1,1,1,1,0,0,19.22191781,F,BRITISH,EFL,12,y,N,0,6,5,1,6,6,4,72,11,83,6,4,4,9,6,29,5,6,13,6,37,,,,,,,,,,,
187,2,TL2,1,1,1,1,1,18.34520548,F,BRITISH,EFL,8,N,Y,2,9,5,1,3,1,5,60,15,75,5,5,4,10,6,30,1,8,16,8,48,2,6,12,10,44,7,8,12,0,0,0
111,2,TL4,1,1,1,0,1,18.63013699,M,BRITISH,EFL,5,y,N,0,5,5,4,8,6,4,64,17,81,6,2,4,8,7,30,3,2,7,6,23,,,,,,4,11,11,0,0,0
149,1,COV,1,1,1,0,1,20.28767123,F,BRITISH,EFL,5,N,N,0,8,6,7,9,9,9,65,11,76,5,5,4,9,7,31,1,6,7,8,35,,,,,,8,10,8,0,0,0
105,1,TL3,1,1,1,1,1,20.22191781,F,BRITISH,EFL,5,y,N,0,7,8,4,6,6,6,65,6,71,4,3,4,10,7,32,4,5,7,7,31,5,5,9,5,29,8,13,11,0,0,0
158,1,TL1,1,1,1,1,0,19.93150685,M,BRITISH,EFL,2,N,Y,2,4,6,1,5,5,4,65,17,82,6,1,4,7,8,31,2,7,11,8,41,3,7,5,13,45,,,,,,
207,2,TL4,1,1,1,1,1,19.69589041,F,BRITISH,EFL,14,N,Y,1,9,4,1,1,1,1,62,4,66,3,2,4,8,8,32,3,6,9,3,27,4,5,10,6,32,6,11,6,0,0,0
112,2,TL2,1,1,0,1,0,19.01643836,M,BRITISH,EFL,5,y,N,0,7,9,4,9,8,5,67,5,72,4,5,4,9,8,33,,,,,,2,6,15,8,43,,,,,,
73,2,TL1,1,1,1,1,1,19.58630137,F,BRITISH,EFL,15,N,N,0,7,7,1,5,6,1,64,21,85,7,4,4,12,8,36,5,7,11,10,45,1,4,18,11,48,7,7,12,0,0,0
208,2,TL1,1,1,1,1,0,19.72328767,F,BRITISH,EFL,14,N,Y,1,9,4,5,7,7,5,57,12,69,4,4,4,14,9,40,5,5,8,1,20,1,5,8,2,22,,,,,,
204,1,TL1,1,1,0,1,0,20.2739726,F,BRITISH,EFL,12,N,Y,2,9,6,4,9,6,4,67,16,83,6,1,4,15,9,41,,,,,,3,4,13,9,39,,,,,,
182,2,TL3,1,1,1,1,1,18.86575342,F,BRITISH,EFL,7,N,Y,1,8,7,5,7,8,6,65,12,77,5,1,4,13,10,41,2,5,10,9,38,2,4,13,14,49,8,14,13,0,0,0
214,2,COV,1,1,0,0,0,18.5260274,F,BRITISH,EFL,16,N,Y,12,9,7,4,3,5,4,68,16,84,6,3,4,6,11,36,,,,,,,,,,,,,,,,
226,2,TL4,1,1,1,0,1,19.14246575,F,BRITISH,EFL,10,y,Y,2,7,9,4,9,6,4,64,7,71,4,2,5,9,1,21,3,2,16,2,24,,,,,,,11,,0,0,0
154,1,COV,1,1,1,1,1,20.34246575,F,BRITISH,EFL,14,N,N,0,2,9,3,6,1,8,61,8,69,4,5,5,4,2,18,1,4,6,6,26,2,5,8,6,30,4,11,6,0,0,0
93,2,TL3,1,1,1,1,1,18.52876712,M,BRITISH,EFL,3,y,N,0,7,6,4,9,2,5,70,6,76,5,1,5,15,2,29,2,8,8,6,36,3,4,8,6,28,9,12,10,0,0,0
74,1,TL4,1,1,1,0,0,20.16438356,F,BRITISH,EFL,15,N,N,0,8,3,3,6,2,3,67,14,81,6,4,5,6,3,22,5,7,8,5,32,,,,,,,,,,,
152,1,COV,0,1,1,0,0,20.07945205,F,BRITISH,EFL,9,N,N,0,8,8,5,10,8,6,,,,,5,5,7,3,23,1,5,8,4,26,,,,,,,,,,,
49,1,TL1,1,1,0,0,0,19.54246575,F,BRITISH,EFL,10,N,N,0,5,3,1,7,9,1,63,8,71,4,1,5,8,3,24,,,,,,,,,,,,,,,,
96,2,TL3,1,1,1,1,0,19.1369863,F,BRITISH,EFL,4,y,N,0,5,7,7,6,5,5,55,2,57,2,1,5,8,4,26,2,7,11,5,35,3,4,10,5,28,,,,,,
94,1,TL2,1,1,1,1,0,21.16986301,F,BRITISH,EFL,4,y,N,0,4,4,2,3,6,1,62,19,81,6,2,5,8,4,26,3,5,11,4,29,4,6,14,2,30,,,,,,
39,1,TL4,1,1,1,1,0,19.96986301,F,BRITISH,EFL,8,N,N,0,8,8,3,7,7,2,72,11,83,6,4,5,9,4,27,5,5,13,9,41,1,6,13,7,39,,,,,,
192,2,TL2,1,1,1,1,0,19.20547945,F,BRITISH,EFL,9,N,Y,2,8,6,1,3,3,2,64,15,79,6,5,5,9,4,27,1,5,7,6,29,2,8,8,6,36,,,,,,
126,1,TL2,1,1,1,0,1,19.37808219,F,BRITISH,EFL,9,y,N,0,8,9,3,9,9,7,71,15,86,7,2,5,13,4,31,3,7,12,6,38,,,,,,6,,13,0,0,0
150,1,COV,1,1,1,1,0,19.55068493,F,BRITISH,EFL,6,N,N,0,2,2,3,8,2,3,55,6,61,3,5,5,3,5,23,1,5,4,8,30,2,4,8,7,30,,,,,,
117,1,TL4,1,1,1,0,0,19.98082192,F,BRITISH,EFL,6,y,N,0,6,6,1,6,1,1,64,8,72,4,4,5,5,5,25,5,6,7,7,33,,,,,,,,,,,
167,2,TL4,1,1,1,1,1,19.43835616,F,BRITISH,EFL,4,N,Y,1,2,3,1,9,1,5,61,13,74,5,2,5,6,5,26,3,3,15,8,37,4,6,16,7,42,5,6,11,0,0,0
109,2,TL2,1,1,1,1,1,18.43561644,F,BRITISH,EFL,5,y,N,0,5,7,3,7,1,7,60,11,71,4,5,5,7,5,27,1,6,10,12,46,2,6,14,6,38,8,5,13,0,0,0
8,1,TL2,1,1,1,0,0,19.38356164,M,BRITISH,EFL,3,N,N,0,3,8,4,9,9,5,58,9,67,3,2,5,9,5,29,3,3,9,9,33,,,,,,,,,,,
106,2,TL2,1,1,1,0,1,18.54246575,F,BRITISH,EFL,5,y,N,0,7,6,2,3,3,4,58,9,67,3,5,5,9,5,29,1,3,10,4,24,,,,,,6,12,13,0,0,0
128,2,TL1,1,1,0,1,1,19.16164384,F,BRITISH,EFL,10,y,N,0,7,8,1,8,9,6,58,10,68,4,4,5,12,5,32,,,,,,1,5,10,7,34,7,11,13,0,0,0
65,1,TL1,1,1,1,0,1,19.8739726,F,BRITISH,EFL,13,N,N,0,7,6,2,5,5,4,62,12,74,5,1,5,12,5,32,2,9,7,6,37,,,,,,5,12,11,0,0,0
23,1,TL1,1,1,1,0,1,20.02739726,M,BRITISH,EFL,5,N,N,0,4,7,2,6,4,7,69,6,75,5,1,5,13,5,33,2,8,9,7,39,,,,,,8,7,12,0,0,0
186,1,TL4,1,1,1,0,0,21.55068493,F,BRITISH,EFL,8,N,Y,3,8,4,2,7,5,3,60,10,70,4,4,5,14,5,34,5,7,11,9,43,,,,,,,,,,,
101,1,TL3,1,1,0,1,0,20.09589041,F,BRITISH,EFL,5,y,N,0,8,9,2,6,6,3,75,10,85,7,3,5,17,5,37,,,,,,4,7,20,6,46,,,,,,
146,1,COV,1,1,1,1,1,20.0630137,M,BRITISH,EFL,3,N,N,0,6,4,2,9,1,5,53,8,61,3,5,5,6,6,28,1,7,5,7,33,2,6,8,5,30,7,7,15,0,0,0
121,2,TL3,1,1,1,1,1,18.38082192,F,BRITISH,EFL,7,y,N,0,5,7,8,9,3,7,61,3,64,3,1,5,6,6,28,2,5,9,7,33,3,6,8,7,34,7,11,8,0,0,0
174,2,TL2,1,1,1,1,1,19.16164384,F,BRITISH,EFL,5,N,Y,2,9,8,2,7,7,4,69,10,79,6,5,5,8,6,30,1,4,16,7,38,2,7,19,12,57,6,11,6,0,0,0
61,1,TL1,1,1,1,1,1,19.81643836,F,BRITISH,EFL,12,N,N,0,10,7,1,7,4,7,58,9,67,3,1,5,8,6,30,2,5,12,5,32,3,3,5,8,27,10,9,10,0,0,0
129,2,TL3,1,1,0,0,1,18.36986301,F,BRITISH,EFL,10,y,N,0,5,8,4,10,6,10,72,6,78,6,1,5,9,6,31,,,,,0,,,,,,7,11,9,0,0,0
140,2,TL4,1,1,1,1,1,19.15068493,F,BRITISH,EFL,14,y,N,0,9,7,2,3,2,4,69,13,82,6,2,5,10,6,32,3,6,10,11,44,4,7,16,8,46,5,10,12,0,0,0
196,1,TL1,1,1,1,1,0,20.56986301,F,BRITISH,EFL,10,N,Y,1,7,9,4,9,7,7,63,6,69,4,1,5,11,6,33,2,6,9,2,25,3,2,8,5,22,,,,,,
43,1,TL2,1,1,1,1,0,19.46575342,F,BRITISH,EFL,8,N,N,0,8,9,4,9,8,5,62,9,71,4,2,5,15,6,37,3,1,7,7,23,4,5,13,8,39,,,,,,
64,1,TL4,1,1,0,1,1,20.04931507,F,BRITISH,EFL,13,N,N,0,7,6,1,4,5,3,66,12,78,6,4,5,16,6,38,,,,,,4,6,19,8,47,5,,,0,0,0
104,2,TL1,1,1,1,1,1,18.56438356,F,BRITISH,EFL,5,y,N,11,6,8,3,6,5,4,67,10,77,5,4,5,7,7,31,5,8,9,10,45,1,6,11,10,43,10,10,13,0,0,0
41,2,TL1,1,1,1,0,1,18.77534247,F,BRITISH,EFL,8,N,N,0,8,7,2,6,8,1,61,11,72,4,4,5,8,7,32,5,6,8,3,26,,,,,,7,10,13,0,0,0
151,1,COV,1,1,1,1,1,21.23835616,M,BRITISH,EFL,8,N,N,0,5,8,3,9,3,7,67,13,80,6,5,5,9,7,33,1,4,8,10,36,2,3,12,10,38,9,7,12,0,0,0
219,2,TL3,1,1,0,1,0,23.64109589,M,BRITISH,EFL,4,y,Y,3,1,1,1,3,2,2,58,2,60,3,1,5,11,7,35,,,,,,3,5,8,6,30,,,,,,
108,2,TL3,1,1,1,0,0,18.8739726,F,BRITISH,EFL,5,y,N,0,7,8,1,10,9,1,57,4,61,3,1,5,12,8,38,2,8,14,4,38,,,,,,,,,,,
173,2,TL2,1,1,1,1,1,20.67671233,F,BRITISH,EFL,5,N,Y,2,8,8,3,8,8,4,67,16,83,6,5,5,13,8,39,1,6,13,7,39,2,5,16,10,46,8,9,11,0,0,0
142,1,TL4,1,1,1,1,1,19.77534247,F,BRITISH,EFL,15,y,N,0,9,8,7,8,1,7,74,14,88,7,4,5,12,9,40,5,6,15,11,49,1,9,15,12,57,,9,,0,0,0
220,1,TL2,1,1,1,1,0,20.20273973,M,BRITISH,EFL,4,y,Y,2,6,5,4,4,3,4,64,15,79,6,2,5,15,10,45,3,8,9,16,57,4,7,6,11,42,,,,,,
113,1,TL4,1,1,1,1,0,19.54246575,M,BRITISH,EFL,5,y,N,0,9,8,3,10,9,3,73,11,84,6,4,5,16,10,46,5,4,8,3,22,1,6,12,6,36,,,,,,
217,1,TL3,1,1,1,1,0,22.26575342,F,BRITISH,EFL,0,N,Y,2,2,6,2,5,5,2,69,13,82,6,3,5,18,10,48,4,4,14,7,36,5,5,16,11,48,,,,,,
68,2,TL4,1,1,1,1,1,18.65753425,F,BRITISH,EFL,13,N,N,0,9,7,1,3,3,1,60,8,68,4,2,5,8,11,40,3,6,8,9,38,4,5,9,7,33,9,9,8,0,0,0
14,2,TL1,1,1,1,1,1,19.0630137,M,BRITISH,EFL,4,N,N,0,3,8,1,9,8,9,66,17,83,6,4,5,18,13,54,5,5,22,13,58,1,9,11,11,51,3,8,6,0,0,0
66,2,TL4,1,1,1,0,1,19.62465753,F,BRITISH,EFL,13,N,N,0,8,7,3,4,8,2,54,7,61,3,2,6,7,1,21,3,4,7,2,19,,,,,,9,9,10,0,0,0
127,2,TL2,1,1,1,1,0,18.75068493,F,BRITISH,EFL,10,y,N,0,8,6,2,6,2,2,67,16,83,6,5,6,8,2,24,1,5,7,4,25,2,5,9,3,25,,,,,,
131,2,TL4,1,1,1,0,1,18.53150685,F,BRITISH,EFL,11,y,N,0,9,8,9,7,7,6,60,7,67,3,2,6,2,4,22,3,3,9,3,21,,,,,,3,12,9,0,0,0
155,1,COV,1,1,1,1,1,19.57260274,F,BRITISH,EFL,14,N,N,0,1,4,2,3,1,2,54,6,60,3,5,6,7,4,27,1,5,9,7,33,2,3,7,1,15,6,13,8,0,0,0
95,1,TL4,1,1,1,0,0,19.39452055,F,BRITISH,EFL,4,y,N,0,3,7,1,5,5,2,68,10,78,6,4,6,7,4,27,5,5,10,5,30,,,,,,,,,,,
141,2,TL2,1,1,1,1,0,18.81917808,F,BRITISH,EFL,14,y,N,0,10,8,1,8,8,5,60,11,71,4,5,6,8,4,28,1,4,8,10,36,2,6,8,4,28,,,,,,
70,1,TL4,1,1,1,1,1,19.38630137,F,BRITISH,EFL,14,N,N,0,8,4,1,9,9,1,67,7,74,5,4,6,11,4,31,5,6,7,4,27,1,6,9,2,25,6,9,12,0,0,0
90,2,TL4,1,1,0,0,0,18.89863014,F,BRITISH,EFL,2,y,N,0,3,5,7,8,6,1,64,13,77,5,2,6,14,4,34,,,,,,,,,,,,,,,,
100,1,TL4,1,1,1,1,0,20.79452055,F,BRITISH,EFL,5,y,N,0,8,10,3,7,10,4,68,16,84,6,4,6,12,5,34,5,6,9,7,35,1,6,12,7,38,,,,,,
114,2,TL1,1,1,1,1,0,18.50684932,F,BRITISH,EFL,6,y,N,0,9,9,1,5,5,5,64,11,75,5,4,6,3,6,27,5,7,12,10,46,1,5,8,7,32,,,,,,
79,2,TL2,1,1,1,1,1,20.69863014,F,BRITISH,EFL,15,N,N,0,9,5,5,7,8,3,56,11,67,3,5,6,8,6,32,1,6,12,6,36,2,6,12,10,44,5,8,11,0,0,0
48,2,TL3,1,1,1,0,0,18.95890411,F,BRITISH,EFL,10,N,N,0,8,6,1,6,8,5,68,6,74,5,1,6,11,7,37,2,9,6,8,40,,,,,,,,,,,
122,2,TL1,1,1,1,0,1,18.53972603,F,BRITISH,EFL,7,y,N,0,5,6,1,5,3,1,64,11,75,5,4,6,11,7,37,5,8,8,8,40,,,,,,7,14,12,0,0,0
102,2,TL3,1,1,1,1,1,18.5890411,F,BRITISH,EFL,5,y,N,0,6,6,5,6,9,6,66,19,85,7,1,6,6,9,36,2,6,11,10,43,3,6,12,10,44,6,10,12,0,0,0
171,2,TL4,1,1,1,1,1,19.56712329,F,BRITISH,EFL,5,N,Y,2,9,5,3,5,5,1,66,11,77,5,2,7,11,2,29,3,7,7,3,27,4,2,11,3,21,8,11,10,0,0,0
103,1,TL2,1,1,1,1,0,20.58630137,F,BRITISH,EFL,5,y,N,0,6,8,3,6,3,3,65,21,86,7,2,7,5,3,25,3,5,13,7,37,4,6,11,8,39,,,,,,
22,1,TL2,1,1,1,1,1,22.97534247,M,BRITISH,EFL,5,N,N,0,1,6,8,6,4,3,58,9,67,3,2,7,8,3,28,3,5,12,6,34,4,6,7,4,27,8,9,12,0,0,0
89,2,TL1,1,1,1,0,0,19.2630137,F,BRITISH,EFL,1,y,N,0,1,5,9,8,7,1,51,7,58,2,4,7,6,4,28,5,6,14,8,42,,,,,,,,,,,
164,2,TL4,1,1,1,1,1,21.89041096,M,BRITISH,EFL,3,N,Y,3,6,7,6,9,8,6,66,4,70,4,2,7,10,5,34,3,8,15,7,45,4,5,13,8,39,6,9,11,0,0,0
172,2,TL3,1,1,1,0,0,20.61643836,F,BRITISH,EFL,5,N,Y,1,9,7,7,7,4,6,63,11,74,5,1,7,10,7,38,2,9,8,11,48,,,,,,,,,,,
130,1,TL3,1,1,1,0,0,19.45205479,F,BRITISH,EFL,10,y,N,0,6,6,1,5,4,2,62,10,72,4,3,7,14,8,44,4,5,14,3,30,,,,,,,,,,,
115,2,TL4,1,1,1,1,1,18.83013699,F,BRITISH,EFL,6,y,N,0,7,9,1,4,6,6,62,6,68,4,2,7,7,9,39,3,4,11,8,35,4,4,7,12,39,6,12,12,0,0,0
210,1,TL2,1,1,1,1,0,20.13424658,F,BRITISH,EFL,15,N,Y,2,11,10,4,10,6,4,69,12,81,6,2,7,12,9,44,3,7,12,13,52,4,5,17,8,43,,,,,,
91,2,TL3,1,1,1,1,1,18.91506849,M,BRITISH,EFL,2,y,N,0,3,5,1,5,5,2,59,15,74,5,1,7,7,10,41,2,6,7,9,37,2,5,11,11,43,7,8,9,0,0,0
157,1,TL3,1,1,1,1,0,20.01643836,F,BRITISH,EFL,2,N,Y,2,7,1,1,3,1,1,71,20,91,7,3,7,12,10,46,4,6,18,11,52,5,7,17,16,63,,,,,,
78,1,TL1,1,1,0,0,0,20.45205479,F,BRITISH,EFL,15,N,N,0,9,4,1,3,3,5,75,11,86,7,1,7,17,10,51,,,,,,,,,,,,,,,,
176,2,TL1,1,1,1,1,1,20.6739726,F,BRITISH,EFL,6,N,Y,2,8,8,4,8,11,2,66,23,89,7,4,8,8,6,36,5,9,14,5,42,1,9,13,4,39,4,9,10,0,0,0
124,1,TL2,1,1,1,1,1,20.00821918,M,BRITISH,EFL,8,y,N,0,8,8,4,9,8,7,61,9,70,4,2,8,10,8,42,3,7,14,7,42,4,6,9,7,35,9,10,13,0,0,0
170,2,TL3,1,1,1,0,1,19.76712329,M,BRITISH,EFL,4,N,Y,2,4,6,5,6,7,8,67,6,73,4,1,8,9,9,43,2,7,8,5,32,,,,,,8,9,8,0,0,0
50,2,TL4,1,1,1,1,1,18.53424658,F,BRITISH,EFL,10,N,N,0,9,3,1,9,7,7,73,13,86,7,2,9,15,14,61,3,11,8,15,60,4,8,11,13,53,9,11,12,0,0,0
83,1,TL2,1,1,1,0,0,19.74246575,F,BRITISH,EFL,15,N,N,0,11,4,1,3,6,3,63,11,74,5,2,6,10,2,26,3,5,13,7,37,,,,,,,,,,,
12,2,COV,1,1,0,0,0,19.96986301,F,BRITISH,EFL,4,N,N,0,7,7,7,6,6,7,61,5,66,3,3,2,5,4,17,,,,,,,,,,,,,,,,
37,2,COV,1,1,0,1,0,18.44383562,F,BRITISH,EFL,7,N,N,0,3,6,0,6,4,0,61,4,65,3,3,2,10,4,22,,,,,,5,4,10,7,32,,,,,,
81,2,COV,1,1,0,0,1,18.47123288,F,BRITISH,EFL,15,N,N,0,5,7,3,4,1,8,66,9,75,5,3,3,10,6,28,,,,,,,,,,,7,8,11,0,0,0
19,2,COV,1,1,0,0,0,21.24931507,F,BULGARIAN,ESL,5,N,N,0,6,1,0,0,0,0,51,6,57,2,3,3,5,0,11,,,,,,,,,,,,,,,,
201,2,TL4,1,1,1,0,1,25.01643836,F,CHINESE,ESL,10,N,Y,7,8,8,4,7,4,3,56,4,60,3,2,2,6,2,14,3,3,9,2,19,,,,,,3,4,6,0,0,0
59,2,TL1,1,1,1,0,1,21.89315068,F,CYPRIOT,ESL,11,N,N,0,7,4,1,4,4,1,59,14,73,4,4,3,6,2,16,5,6,4,0,16,,,,,,5,6,8,0,0,0
27,1,TL1,1,1,0,0,0,20.30136986,F,CYPRIOT,ESL,6,N,N,0,6,6,3,3,3,3,60,7,67,3,1,3,5,3,17,,,,,,,,,,,,,,,,
232,1,TL4,1,1,0,0,1,22.94246575,F,FINNISH,ESL,17,y,Y,1,6,1,2,10,10,1,43,0,43,1,4,3,12,4,26,,,,,,,,,,,8,12,13,0,0,0
20,1,TL1,1,1,1,0,1,20.63835616,F,FINNISH,ESL,5,N,N,0,7,8,6,6,4,2,59,3,62,3,1,3,9,6,27,2,5,4,5,24,,,,,,8,10,7,0,0,0
197,1,TL2,1,1,1,0,0,23.68493151,F,FINNISH,ESL,10,N,Y,1,8,6,6,9,7,6,48,4,52,2,2,4,7,1,17,3,6,8,1,22,,,,,,,,,,,
58,1,TL2,1,1,1,0,1,22.80547945,F,FINNISH,ESL,11,N,N,0,7,6,9,9,9,6,49,4,53,2,2,4,9,1,19,3,4,9,3,23,,,,,,9,12,11,0,0,0
132,1,TL4,1,1,1,1,1,22.16986301,F,FRENCH,ESL,11,y,N,0,5,0,0,3,3,1,52,3,55,2,4,2,5,1,11,5,4,5,2,17,1,3,7,3,19,5,9,9,0,0,0
42,1,TL1,1,1,0,0,1,21.93972603,F,FRENCH,ESL,8,N,N,0,7,9,2,8,8,2,58,6,64,3,1,2,5,4,17,,,,,,,,,,,7,10,10,0,0,0
211,2,TL4,1,1,1,1,1,18.49041096,F,FRENCH,ESL,15,N,Y,6,6,3,3,6,5,2,57,8,65,3,2,5,2,3,18,3,5,6,5,26,4,6,13,2,29,7,12,8,0,0,0
2,2,TL3,1,1,1,0,0,20.4630137,F,FRENCH,ESL,0,N,N,0,6,6,2,6,5,5,60,10,70,4,1,6,6,2,22,2,6,5,2,21,,,,,,,,,,,
161,2,TL1,1,1,1,1,1,26.69863014,F,GERMAN,ESL,3,N,Y,1,3,6,1,6,3,1,56,13,69,4,4,2,9,2,17,5,5,14,7,38,1,5,8,2,22,7,11,13,0,0,0
160,2,TL1,1,1,1,1,1,21.67671233,F,GERMAN,ESL,3,N,Y,3,3,6,3,6,5,1,73,18,91,7,4,2,10,6,26,2,6,14,3,32,3,4,9,5,27,7,9,12,0,0,0
165,2,TL1,1,1,1,0,1,23.76986301,M,GERMAN,ESL,3,N,Y,1,3,4,7,9,9,8,49,4,53,2,4,4,8,7,30,5,5,6,8,32,,,,,,1,8,9,0,0,0
72,2,TL4,1,1,1,0,1,18.64931507,F,GREEK,ESL,14,N,N,0,2,3,1,1,1,1,66,10,76,5,2,2,10,1,16,3,4,9,4,25,,,,,,9,7,11,0,0,0
34,1,TL2,1,1,1,1,1,22.68767123,F,GREEK,ESL,7,N,N,0,6,7,1,6,6,1,62,3,65,3,2,4,4,1,14,3,4,7,4,23,4,4,1,3,15,8,9,11,0,0,0
178,2,TL1,1,1,1,0,1,20.21369863,F,HUNGARIAN,ESL,6,N,Y,1,9,9,6,9,3,3,52,7,59,2,4,3,4,0,10,5,5,3,0,13,,,,,,,14,9,0,0,0
30,1,TL4,1,1,1,1,1,27.13424658,M,HUNGARIAN,ESL,6,N,N,0,6,9,9,9,8,5,48,4,52,2,4,5,9,1,21,5,4,7,2,19,1,6,9,1,23,7,10,13,0,0,0
133,1,TL3,1,1,1,1,0,20.26575342,F,HUNGARIAN,ESL,11,y,N,0,6,9,8,6,10,6,65,16,81,6,3,5,7,4,25,4,4,11,2,23,5,8,7,3,29,,,,,,
179,1,TL3,1,1,1,1,0,21.99452055,F,IRISH,EFL,6,N,Y,2,7,3,1,8,8,1,63,16,79,6,3,3,11,3,23,4,3,12,3,24,5,6,8,4,28,,,,,,
183,1,TL3,1,1,0,1,0,22.93972603,F,IRISH,EFL,7,N,Y,3,6,3,1,3,3,2,69,14,83,6,3,3,18,4,32,,,,,,5,7,8,4,30,,,,,,
120,2,TL2,1,1,1,1,1,18.5260274,F,IRISH,EFL,6,y,N,0,5,7,1,6,9,5,66,16,82,6,5,3,2,7,22,1,5,11,7,35,2,6,11,9,41,7,10,9,0,0,0
188,1,TL2,1,1,1,1,1,22.37534247,F,IRISH,EFL,8,N,Y,2,10,6,4,10,10,2,60,13,73,4,2,6,9,4,29,3,5,8,6,30,4,4,6,4,22,4,7,12,0,0,0
88,2,TL3,1,1,1,1,1,20.41917808,F,IRISH,EFL,0,N,N,0,7,7,2,8,4,4,60,9,69,4,1,6,16,6,40,2,7,14,9,46,3,7,15,7,43,6,8,11,0,0,0
6,2,TL3,1,1,1,0,1,18.91506849,M,IRISH,EFL,2,N,N,0,8,2,7,8,6,1,59,5,64,3,1,6,15,7,41,2,5,13,5,33,,,,,,7,8,9,0,0,0
67,2,TL1,1,1,1,0,0,20.73424658,F,ITALIAN,ESL,13,N,N,0,4,7,1,6,7,4,58,8,66,3,4,1,2,0,4,5,3,8,0,14,,,,,,,,,,,
221,2,TL3,1,1,1,1,1,20.33150685,F,ITALIAN,ESL,5,y,Y,2,3,5,6,7,7,5,59,2,61,3,1,2,5,2,13,2,5,6,2,20,3,3,6,3,18,4,3,6,0,0,0
17,2,TL4,1,1,1,1,1,22.67123288,M,ITALIAN,ESL,4,N,N,0,1,5,7,6,5,3,57,6,63,3,2,3,4,1,12,3,3,5,0,11,4,4,6,3,20,5,8,13,0,0,0
60,2,TL4,1,1,0,0,0,19.35342466,F,ITALIAN,ESL,11,N,N,0,8,7,1,5,5,6,59,12,71,4,2,3,4,1,12,,,,,,,,,,,,,,,,
203,1,TL3,1,1,1,0,1,22.56986301,M,ITALIAN,ESL,10,N,Y,3,7,7,6,6,4,2,64,9,73,4,3,3,15,3,27,4,6,17,7,43,,,,,,9,8,10,0,0,0
13,2,TL2,1,1,1,1,1,21.22465753,F,ITALIAN,ESL,4,N,N,0,8,4,1,2,1,4,57,6,63,3,5,4,3,2,15,1,3,8,5,24,2,7,9,4,31,4,12,9,0,0,0
21,1,TL3,1,1,1,1,1,21.39452055,F,ITALIAN,ESL,5,N,N,0,4,8,3,5,7,3,68,12,80,6,3,4,11,2,23,4,4,10,4,26,5,6,12,6,36,9,10,6,0,0,0
85,1,TL1,1,1,1,1,1,20.62739726,F,ITALIAN,ESL,16,N,N,0,8,5,3,3,5,2,66,8,74,5,1,4,7,3,21,2,5,10,5,30,3,3,9,4,23,6,9,9,0,0,0
7,2,TL2,1,1,1,0,0,21.77808219,M,ITALIAN,ESL,2,N,N,0,3,1,6,8,7,3,56,14,70,4,5,4,8,4,24,1,3,11,6,29,,,,,,,,,,,
45,2,TL1,1,1,1,0,1,22.65205479,M,ITALIAN,ESL,9,N,N,0,10,1,6,7,3,2,68,13,81,6,4,4,8,5,26,5,6,21,9,51,,,,,,7,8,8,0,0,0
16,2,TL3,1,1,1,0,1,10.90684932,M,ITALIAN,ESL,4,N,N,0,7,4,2,3,4,1,68,11,79,6,1,5,7,0,17,2,4,9,4,25,,,,,,6,10,9,0,0,0
199,2,TL4,1,1,1,1,1,21.00273973,F,ITALIAN,ESL,10,N,Y,1,8,6,6,5,7,4,67,7,74,5,2,5,12,5,32,3,5,12,6,34,4,6,8,7,34,3,9,6,0,0,0
200,2,TL3,1,1,0,1,1,19.9890411,F,ITALIAN,ESL,10,N,Y,8,7,9,7,10,8,5,69,9,78,6,1,7,13,3,33,,,,,,3,3,11,4,25,6,9,8,0,0,0
148,1,COV,1,1,0,0,1,20.2109589,M,JAMAICAN,EFL,4,N,N,0,5,8,4,11,10,7,64,6,70,4,5,4,7,4,23,,,,,,,,,,,3,,,0,0,0
228,2,TL1,1,1,1,0,0,21.73150685,F,KOREAN,ESL,12,y,Y,1,8,6,4,4,3,4,58,9,67,3,4,3,11,7,31,5,5,14,8,40,,,,,,,,,,,
191,2,TL2,1,1,1,1,1,20.73972603,F,MALAYSIAN,ESL,9,N,Y,2,5,1,1,7,2,3,62,18,80,6,5,6,7,3,25,5,6,7,7,33,1,6,8,9,38,10,10,13,0,0,0
231,1,TL4,1,1,1,1,0,25.32876712,F,MEXICAN,ESL,15,y,Y,5,9,8,9,8,7,3,55,6,61,3,4,4,9,4,25,5,5,7,1,19,1,8,7,1,25,,,,,,
229,1,TL4,0,1,1,0,0,29.40821918,F,MEXICAN,ESL,13,y,Y,4,9,9,3,3,3,1,,,,,4,4,12,7,34,5,5,17,9,45,,,,,,,,,,,
35,2,TL3,1,1,1,0,1,18.20821918,F,NEW ZEALAND,EFL,7,N,N,0,9,7,4,10,10,2,59,6,65,3,1,5,16,9,44,2,3,12,12,42,,,,,,,11,10,0,0,0
190,1,TL3,1,1,1,0,0,20.55890411,F,NORWEGIAN,ESL,8,N,Y,3,6,8,5,8,6,6,60,8,68,4,3,3,5,3,17,4,5,8,6,30,,,,,,,,,,,
159,2,TL2,1,1,1,1,1,23.11232877,M,NORWEGIAN,ESL,2,N,Y,1,4,3,3,6,4,3,61,17,78,6,5,4,7,2,19,1,7,14,9,46,2,8,18,8,50,3,9,13,0,0,0
80,2,TL4,1,1,0,1,1,22.84931507,F,NORWEGIAN,ESL,15,N,N,0,11,5,2,4,3,2,52,2,54,2,2,4,1,3,15,,,,,,2,5,5,6,27,8,9,10,10,10,10
86,2,TL4,0,1,1,1,0,19.6630137,F,NORWEGIAN,ESL,16,N,N,0,5,2,9,8,9,3,,,,,2,5,14,5,34,3,6,12,6,36,4,4,17,6,37,,,,,,
193,1,TL3,1,1,1,0,0,20.67123288,M,ROMANIAN,ESL,9,N,Y,9,7,4,3,9,9,2,57,7,64,3,3,2,9,4,21,4,4,6,4,22,,,,,,,,,,,
28,2,TL3,1,1,0,0,1,19.82191781,F,SWEDISH,ESL,6,N,N,0,4,2,1,7,2,3,59,7,66,3,1,0,11,3,17,,,,,,,,,,,4,5,11,0,0,0
54,2,TL2,1,1,1,1,0,19.51780822,F,SWEDISH,ESL,10,N,N,0,9,7,7,8,7,6,56,8,64,3,5,3,6,2,16,1,3,4,6,22,2,5,6,5,26,,,,,,